<?xml version="1.0" encoding="utf-8"?>
<ModMetaData>
	<name>Configurable Texture Patch</name>
	<author>Lanilor</author>
	<url>https://github.com/Lanilor/Simple-Mod-Collection</url>
	<targetVersion>1.0.0</targetVersion>
	<description>
&lt;size=20&gt;Configurable Texture Patch&lt;/size&gt;

A selection of different legacy textures. You can choose which textures you want to use in the mod settings menu.

Safe to add or remove to/from existing saves.
No restart or reload required after changing a texture in the settings menu for maximum comfort.
	</description>
</ModMetaData>