<?xml version="1.0" encoding="utf-8"?>
<ModMetaData>
	<name>Simple Steel Bridges</name>
	<author>Lanilor</author>
	<url>https://github.com/Lanilor/</url>
	<targetVersion>1.0.0</targetVersion>
	<description>
&lt;size=20&gt;Simple Steel Bridges&lt;/size&gt;

A simple mod that adds steel briges on top of the wood bridges that rimworld core provides. Steel briges work the same way, but also provide support for heavy stuctures.

Research "steel bridges" to build them.
	</description>
</ModMetaData>