﻿<?xml version="1.0" encoding="utf-8" ?>
<Defs>

	<RecipeDef>
		<defName>MakeKibbleBulk</defName>
		<label>make bulk kibble</label>
		<description>Make large amounts of animal kibble by combining raw meat and plants.</description>
		<jobString>Making kibble.</jobString>
		<workAmount>1800</workAmount>
		<workSpeedStat>CookSpeed</workSpeedStat>
		<effectWorking>Cook</effectWorking>
		<soundWorking>Recipe_CookMeal</soundWorking>
		<allowMixingIngredients>true</allowMixingIngredients>
		<ingredientValueGetterClass>IngredientValueGetter_Nutrition</ingredientValueGetterClass>
		<ingredients>
			<li>
				<filter>
					<categories>
						<li>MeatRaw</li>
						<li>AnimalProductRaw</li>
					</categories>
				</filter>
				<count>4</count>
			</li>
			<li>
				<filter>
					<categories>
						<li>PlantFoodRaw</li>
					</categories>
					<thingDefs>
						<li>Hay</li>
					</thingDefs>
				</filter>
				<count>4</count>
			</li>
		</ingredients>
		<products>
			<Kibble>200</Kibble>
		</products>
		<fixedIngredientFilter>
			<categories>
				<li>FoodRaw</li>
			</categories>
			<thingDefs>
				<li>Hay</li>
			</thingDefs>
		</fixedIngredientFilter>
		<defaultIngredientFilter>
			<categories>
				<li>Foods</li>
			</categories>
			<disallowedCategories>
				<li>EggsFertilized</li>
			</disallowedCategories>
			<disallowedThingDefs>
				<li>InsectJelly</li>
			</disallowedThingDefs>
		</defaultIngredientFilter>
		<recipeUsers>
			<li>TableButcher</li>
		</recipeUsers>
		<workSkill>Cooking</workSkill>
		<skillRequirements>
			<Cooking>4</Cooking>
		</skillRequirements>
	</RecipeDef>

	<RecipeDef>
		<defName>MakePemmicanBulk</defName>
		<label>make bulk pemmican</label>
		<description>Make large amounts of pemmican, a preserved combination of meat and plant food. It doesn't taste amazing, but lasts a long time without refrigeration.</description>
		<jobString>Making pemmican.</jobString>
		<workAmount>2700</workAmount>
		<workSpeedStat>CookSpeed</workSpeedStat>
		<requiredGiverWorkType>Cooking</requiredGiverWorkType>
		<effectWorking>Cook</effectWorking>
		<soundWorking>Recipe_CookMeal</soundWorking>
		<allowMixingIngredients>true</allowMixingIngredients>
		<ingredientValueGetterClass>IngredientValueGetter_Nutrition</ingredientValueGetterClass>
		<ingredients>
			<li>
				<filter>
					<categories>
						<li>MeatRaw</li>
					</categories>
				</filter>
				<count>0.95</count>
			</li>
			<li>
				<filter>
					<categories>
						<li>PlantFoodRaw</li>
					</categories>
				</filter>
				<count>0.95</count>
			</li>
		</ingredients>
		<products>
			<Pemmican>60</Pemmican>
		</products>
		<fixedIngredientFilter>
			<categories>
				<li>FoodRaw</li>
			</categories>
			<disallowedCategories>
				<li>AnimalProductRaw</li>
			</disallowedCategories>
			<specialFiltersToDisallow>
				<li>AllowPlantFood</li>
			</specialFiltersToDisallow>
		</fixedIngredientFilter>
		<defaultIngredientFilter>
			<categories>
				<li>FoodRaw</li>
			</categories>
			<disallowedThingDefs>
				<li>Meat_Human</li>
				<li>Meat_Megaspider</li>
			</disallowedThingDefs>
		</defaultIngredientFilter>
		<recipeUsers>
			<li>ElectricStove</li>
			<li>FueledStove</li>
		</recipeUsers>
		<workSkill>Cooking</workSkill>
		<researchPrerequisite>Pemmican</researchPrerequisite>
		<skillRequirements>
			<Cooking>4</Cooking>
		</skillRequirements>
	</RecipeDef>

</Defs>
