﻿<?xml version="1.0" encoding="utf-8" ?>
<Defs>

  <ResearchProjectDef>
    <defName>SteelBridges</defName>
    <label>steel bridges</label>
    <description>Build steel bridges to provide passage over water and even construct heavy structures on them.</description>
    <baseCost>1000</baseCost>
    <techLevel>Industrial</techLevel>
	<prerequisites>
		<li>Bridges</li>
	</prerequisites>
    <researchViewX>1</researchViewX>
    <researchViewY>5</researchViewY>
  </ResearchProjectDef>

</Defs>
