<?xml version="1.0" encoding="utf-8"?>
<ModMetaData>
	<name>Simple Stockpile Presets</name>
	<author>Lanilor</author>
	<url>https://github.com/Lanilor/Simple-Mods-Collection</url>
	<targetVersion>0.19.0</targetVersion>
	<description>
&lt;size=20&gt;Simple Stockpile Presets&lt;/size&gt;

A mod that adds various presets for stockpile settings in a comfortable float menu. You can use them to easily set often used storage configurations, both generic ones (like freezer stuff) and specific ones (like food, drugs, weapons or clean apparel).

This is a QOL mod, no content added or changed. To use it, just make a stockpile and select a preset.
	</description>
</ModMetaData>