<?xml version="1.0" encoding="utf-8" ?>
<Defs>

	<RecipeDef>
		<defName>RecycleApparel</defName>
		<label>recycle apparel</label>
		<description>Recycle apparel into raw materials.</description>
		<jobString>Recycling apparel.</jobString>
		<workAmount>1800</workAmount>
		<workSpeedStat>TailoringSpeed</workSpeedStat>
		<effectWorking>Tailor</effectWorking>
		<soundWorking>Recipe_Tailor</soundWorking>
		<ingredients>
			<li>
				<filter>
					<categories>
						<li>Apparel</li>
					</categories>
				</filter>
				<count>1</count>
			</li>
		</ingredients>
		<specialProducts>
			<li>Smelted</li>
		</specialProducts>
		<fixedIngredientFilter>
			<categories>
				<li>Apparel</li>
			</categories>
		</fixedIngredientFilter>
		<recipeUsers>
			<li>HandTailoringBench</li>
			<li>ElectricTailoringBench</li>
		</recipeUsers>
		<researchPrerequisite>ApparelRecycling</researchPrerequisite>
		<skillRequirements>
			<Crafting>6</Crafting>
		</skillRequirements>
		<workSkill>Crafting</workSkill>
	</RecipeDef>

</Defs>
