<?xml version="1.0" encoding="utf-8" ?>
<Patch>

	<Operation Class="PatchOperationSequence">
		<success>Always</success>
		<operations>
			<li Class="PatchOperationTest">
				<xpath>/Defs/ResearchProjectDef[defName="Bridges"]/tab</xpath>
				<success>Invert</success>
			</li>
			<li Class="PatchOperationRemove">
				<xpath>/Defs/ResearchProjectDef[defName="Bridges"]/researchViewY</xpath>
			</li>
			<li Class="PatchOperationReplace">
				<xpath>/Defs/ResearchProjectDef[defName="Bridges"]/researchViewX</xpath>
				<value>
					<researchViewX>0</researchViewX>
					<researchViewY>5</researchViewY>
				</value>
			</li>
		</operations>
	</Operation>

</Patch>

